"policy_id","state","level","title","word_count","positive_term_count","negative_term_count","lexicon_sentiment_score","lexicon_sentiment_label"
"POL-001","California","state","Artificial Intelligence in Public Schools: Guidance (California Department of Education)","14456","267","117","1.2476","positive_policy_tone"
"POL-002","California","state","Model Policy: Artificial Intelligence in Education (California Department of Education; nonbinding template)","1562","31","22","0.2277","mixed_or_neutral_policy_tone"
"POL-003","California","district","Guidelines for the Authorized Use of Artificial Intelligence for the District (Los Angeles Unified School District Policy Bulletin)","3330","39","29","0.1733","mixed_or_neutral_policy_tone"
"POL-004","Washington","state","Human-Centered AI Guidance for K-12 Public Schools (OSPI)","15415","254","110","1.1598","positive_policy_tone"
"POL-005","Washington","district","Artificial Intelligence Handbook for Seattle Public Schools","1943","46","24","0.4991","mixed_or_neutral_policy_tone"
"POL-006","Washington","district","Bellevue School District Artificial Intelligence Handbook","3772","73","45","0.4559","mixed_or_neutral_policy_tone"
"POL-007","Texas","state","Texas AI in Education Task Force Report / Whitepaper (TACC， UT Austin)","9269","90","35","0.5713","mixed_or_neutral_policy_tone"
"POL-008","Texas","district","AI in Dallas ISD (Dallas Independent School District)","231","3","0","0.1974","mixed_or_neutral_policy_tone"
"POL-009","Texas","district","Houston ISD AI Guidebook (Houston Independent School District)","7380","129","49","0.9312","positive_policy_tone"
"POL-010","New York","state","Artificial Intelligence (AI) and P-12 Education (NYS Board of Regents / NYSED)","619","10","2","0.3215","mixed_or_neutral_policy_tone"
"POL-011","New York","district","Guidance on Artificial Intelligence and Screen Time (New York City Public Schools)","2294","18","20","-0.0418","mixed_or_neutral_policy_tone"
"POL-012","Pennsylvania","state","Implementing AI in Schools (Pennsylvania Department of Education)","544","9","4","0.2144","mixed_or_neutral_policy_tone"
"POL-013","Pennsylvania","district","Policy 815.1 - Use of Artificial Intelligence in Education (Allentown School District)","2230","24","19","0.1059","mixed_or_neutral_policy_tone"
"POL-014","Pennsylvania","district","AI Resources - PSTV (School District of Philadelphia)","356","6","7","-0.0530","mixed_or_neutral_policy_tone"
"POL-015","Massachusetts","state","Massachusetts Guidance for Artificial Intelligence in K-12 Education (DESE)","18244","422","145","2.0508","positive_policy_tone"
"POL-016","Massachusetts","district","Boston Public Schools Artificial Intelligence (AI) Policy","2301","40","61","-0.4378","mixed_or_neutral_policy_tone"
"POL-017","Georgia","state","Leveraging AI in the K-12 Setting (Georgia Department of Education)","3074","63","29","0.6132","mixed_or_neutral_policy_tone"
"POL-018","Georgia","district","Position Statement on the Use of Artificial Intelligence (AI) (Atlanta Public Schools)","512","15","1","0.6187","mixed_or_neutral_policy_tone"
"POL-019","Georgia","district","AI Use Policies for Educators and Students (Draft， Taliaferro County School District)","1102","16","21","-0.1506","mixed_or_neutral_policy_tone"
